CustomerID,TotalSales,TransactionCount,AverageTransactionSize
1001,1545.16,7,220.73714285714286
1002,1882.6,9,209.17777777777778
1003,2427.3,8,303.4125
1004,709.76,3,236.58666666666667
1005,4064.8599999999997,10,406.486
1006,2198.38,9,244.26444444444445
1007,2905.16,8,363.145
1008,1545.54,5,309.108
1009,1806.34,6,301.0566666666667
1010,1408.3,6,234.71666666666667
1011,1612.86,6,268.81
